,wacc,gdp_ppp,inflation,unemployment,is_solar,is_wind_onshore,is_wind_offshore
wacc,1.0,-0.13697692999082062,0.4453255376306862,0.1328408938251796,0.26114574353645365,-0.23109659435413157,-0.0638076947439001
gdp_ppp,-0.13697692999082062,1.0,-0.032364186179702124,-0.1632407224828695,0.011099624085789413,-0.0394486314444915,0.05794357061528973
inflation,0.4453255376306862,-0.032364186179702124,1.0,-0.037499332383200135,0.13703634009366897,-0.12333137985337582,-0.029513067410388498
unemployment,0.1328408938251796,-0.1632407224828695,-0.037499332383200135,1.0,-0.042829830713812245,0.08908075350586407,-0.09523915123370491
is_solar,0.26114574353645365,0.011099624085789413,0.13703634009366897,-0.042829830713812245,1.0,-0.8799156817439266,-0.2545503698313796
is_wind_onshore,-0.23109659435413157,-0.0394486314444915,-0.12333137985337582,0.08908075350586407,-0.8799156817439266,1.0,-0.2354959999854121
is_wind_offshore,-0.0638076947439001,0.05794357061528973,-0.029513067410388498,-0.09523915123370491,-0.2545503698313796,-0.2354959999854121,1.0
